[{"model": "admin.logentry", "pk": 1, "fields": {"action_time": "2022-05-26T16:39:56.250Z", "user": 2, "content_type": 7, "object_id": "1", "object_repr": "Информационные технологии", "action_flag": 1, "change_message": "[{\"added\": {}}]"}}, {"model": "admin.logentry", "pk": 2, "fields": {"action_time": "2022-05-27T17:00:52.947Z", "user": 2, "content_type": 7, "object_id": "2", "object_repr": "Искусство", "action_flag": 1, "change_message": "[{\"added\": {}}]"}}, {"model": "admin.logentry", "pk": 3, "fields": {"action_time": "2022-05-27T17:01:13.047Z", "user": 2, "content_type": 8, "object_id": "2", "object_repr": "Статья 1", "action_flag": 2, "change_message": "[{\"changed\": {\"fields\": [\"\\u041a\\u0430\\u0442\\u0435\\u0433\\u043e\\u0440\\u0438\\u044f\"]}}]"}}, {"model": "auth.permission", "pk": 1, "fields": {"name": "Can add log entry", "content_type": 1, "codename": "add_logentry"}}, {"model": "auth.permission", "pk": 2, "fields": {"name": "Can change log entry", "content_type": 1, "codename": "change_logentry"}}, {"model": "auth.permission", "pk": 3, "fields": {"name": "Can delete log entry", "content_type": 1, "codename": "delete_logentry"}}, {"model": "auth.permission", "pk": 4, "fields": {"name": "Can view log entry", "content_type": 1, "codename": "view_logentry"}}, {"model": "auth.permission", "pk": 5, "fields": {"name": "Can add permission", "content_type": 2, "codename": "add_permission"}}, {"model": "auth.permission", "pk": 6, "fields": {"name": "Can change permission", "content_type": 2, "codename": "change_permission"}}, {"model": "auth.permission", "pk": 7, "fields": {"name": "Can delete permission", "content_type": 2, "codename": "delete_permission"}}, {"model": "auth.permission", "pk": 8, "fields": {"name": "Can view permission", "content_type": 2, "codename": "view_permission"}}, {"model": "auth.permission", "pk": 9, "fields": {"name": "Can add group", "content_type": 3, "codename": "add_group"}}, {"model": "auth.permission", "pk": 10, "fields": {"name": "Can change group", "content_type": 3, "codename": "change_group"}}, {"model": "auth.permission", "pk": 11, "fields": {"name": "Can delete group", "content_type": 3, "codename": "delete_group"}}, {"model": "auth.permission", "pk": 12, "fields": {"name": "Can view group", "content_type": 3, "codename": "view_group"}}, {"model": "auth.permission", "pk": 13, "fields": {"name": "Can add user", "content_type": 4, "codename": "add_user"}}, {"model": "auth.permission", "pk": 14, "fields": {"name": "Can change user", "content_type": 4, "codename": "change_user"}}, {"model": "auth.permission", "pk": 15, "fields": {"name": "Can delete user", "content_type": 4, "codename": "delete_user"}}, {"model": "auth.permission", "pk": 16, "fields": {"name": "Can view user", "content_type": 4, "codename": "view_user"}}, {"model": "auth.permission", "pk": 17, "fields": {"name": "Can add content type", "content_type": 5, "codename": "add_contenttype"}}, {"model": "auth.permission", "pk": 18, "fields": {"name": "Can change content type", "content_type": 5, "codename": "change_contenttype"}}, {"model": "auth.permission", "pk": 19, "fields": {"name": "Can delete content type", "content_type": 5, "codename": "delete_contenttype"}}, {"model": "auth.permission", "pk": 20, "fields": {"name": "Can view content type", "content_type": 5, "codename": "view_contenttype"}}, {"model": "auth.permission", "pk": 21, "fields": {"name": "Can add session", "content_type": 6, "codename": "add_session"}}, {"model": "auth.permission", "pk": 22, "fields": {"name": "Can change session", "content_type": 6, "codename": "change_session"}}, {"model": "auth.permission", "pk": 23, "fields": {"name": "Can delete session", "content_type": 6, "codename": "delete_session"}}, {"model": "auth.permission", "pk": 24, "fields": {"name": "Can view session", "content_type": 6, "codename": "view_session"}}, {"model": "auth.permission", "pk": 25, "fields": {"name": "Can add Категории новостей", "content_type": 7, "codename": "add_category"}}, {"model": "auth.permission", "pk": 26, "fields": {"name": "Can change Категории новостей", "content_type": 7, "codename": "change_category"}}, {"model": "auth.permission", "pk": 27, "fields": {"name": "Can delete Категории новостей", "content_type": 7, "codename": "delete_category"}}, {"model": "auth.permission", "pk": 28, "fields": {"name": "Can view Категории новостей", "content_type": 7, "codename": "view_category"}}, {"model": "auth.permission", "pk": 29, "fields": {"name": "Can add Статьи", "content_type": 8, "codename": "add_article"}}, {"model": "auth.permission", "pk": 30, "fields": {"name": "Can change Статьи", "content_type": 8, "codename": "change_article"}}, {"model": "auth.permission", "pk": 31, "fields": {"name": "Can delete Статьи", "content_type": 8, "codename": "delete_article"}}, {"model": "auth.permission", "pk": 32, "fields": {"name": "Can view Статьи", "content_type": 8, "codename": "view_article"}}, {"model": "auth.permission", "pk": 33, "fields": {"name": "Can add like dislike", "content_type": 9, "codename": "add_likedislike"}}, {"model": "auth.permission", "pk": 34, "fields": {"name": "Can change like dislike", "content_type": 9, "codename": "change_likedislike"}}, {"model": "auth.permission", "pk": 35, "fields": {"name": "Can delete like dislike", "content_type": 9, "codename": "delete_likedislike"}}, {"model": "auth.permission", "pk": 36, "fields": {"name": "Can view like dislike", "content_type": 9, "codename": "view_likedislike"}}, {"model": "auth.permission", "pk": 37, "fields": {"name": "Can add Профиль", "content_type": 10, "codename": "add_userprofile"}}, {"model": "auth.permission", "pk": 38, "fields": {"name": "Can change Профиль", "content_type": 10, "codename": "change_userprofile"}}, {"model": "auth.permission", "pk": 39, "fields": {"name": "Can delete Профиль", "content_type": 10, "codename": "delete_userprofile"}}, {"model": "auth.permission", "pk": 40, "fields": {"name": "Can view Профиль", "content_type": 10, "codename": "view_userprofile"}}, {"model": "auth.permission", "pk": 41, "fields": {"name": "Can add comment", "content_type": 11, "codename": "add_comment"}}, {"model": "auth.permission", "pk": 42, "fields": {"name": "Can change comment", "content_type": 11, "codename": "change_comment"}}, {"model": "auth.permission", "pk": 43, "fields": {"name": "Can delete comment", "content_type": 11, "codename": "delete_comment"}}, {"model": "auth.permission", "pk": 44, "fields": {"name": "Can view comment", "content_type": 11, "codename": "view_comment"}}, {"model": "auth.permission", "pk": 45, "fields": {"name": "Can add favorite", "content_type": 12, "codename": "add_favorite"}}, {"model": "auth.permission", "pk": 46, "fields": {"name": "Can change favorite", "content_type": 12, "codename": "change_favorite"}}, {"model": "auth.permission", "pk": 47, "fields": {"name": "Can delete favorite", "content_type": 12, "codename": "delete_favorite"}}, {"model": "auth.permission", "pk": 48, "fields": {"name": "Can view favorite", "content_type": 12, "codename": "view_favorite"}}, {"model": "auth.user", "pk": 1, "fields": {"password": "pbkdf2_sha256$260000$tTMkNSDQTEJH3ccc46hAxQ$sEkudMeq2kEb9A3gdY1rfKv+9VDLju6t1Sz+ZTqYUIA=", "last_login": "2022-05-28T18:30:30.796Z", "is_superuser": false, "username": "taxicab33", "first_name": "", "last_name": "", "email": "nikonovars916@gmail.com", "is_staff": false, "is_active": true, "date_joined": "2022-05-26T16:32:56.913Z", "groups": [], "user_permissions": []}}, {"model": "auth.user", "pk": 2, "fields": {"password": "pbkdf2_sha256$260000$qjK2wN4YEaEiVsvfO2uOAy$G9ir6W77ha2bUkU+x0MVVyxs8kUx7SvuZiWNiwKjkOM=", "last_login": "2022-05-28T18:21:15.119Z", "is_superuser": true, "username": "root", "first_name": "", "last_name": "", "email": "", "is_staff": true, "is_active": true, "date_joined": "2022-05-26T16:39:37.077Z", "groups": [], "user_permissions": []}}, {"model": "contenttypes.contenttype", "pk": 1, "fields": {"app_label": "admin", "model": "logentry"}}, {"model": "contenttypes.contenttype", "pk": 2, "fields": {"app_label": "auth", "model": "permission"}}, {"model": "contenttypes.contenttype", "pk": 3, "fields": {"app_label": "auth", "model": "group"}}, {"model": "contenttypes.contenttype", "pk": 4, "fields": {"app_label": "auth", "model": "user"}}, {"model": "contenttypes.contenttype", "pk": 5, "fields": {"app_label": "contenttypes", "model": "contenttype"}}, {"model": "contenttypes.contenttype", "pk": 6, "fields": {"app_label": "sessions", "model": "session"}}, {"model": "contenttypes.contenttype", "pk": 7, "fields": {"app_label": "newsapp", "model": "category"}}, {"model": "contenttypes.contenttype", "pk": 8, "fields": {"app_label": "newsapp", "model": "article"}}, {"model": "contenttypes.contenttype", "pk": 9, "fields": {"app_label": "votes", "model": "likedislike"}}, {"model": "contenttypes.contenttype", "pk": 10, "fields": {"app_label": "account", "model": "userprofile"}}, {"model": "contenttypes.contenttype", "pk": 11, "fields": {"app_label": "comments", "model": "comment"}}, {"model": "contenttypes.contenttype", "pk": 12, "fields": {"app_label": "favorites", "model": "favorite"}}, {"model": "sessions.session", "pk": "ggr7nzs3wd46u45i7rqgdiki06yghcjx", "fields": {"session_data": ".eJxVjDsOwyAQRO9CHSGWPynT-wzWwkJwEoHkTxXl7rElF0k10rw382YjbmsdtyXP40TsyoBdfruI6ZnbAeiB7d556m2dp8gPhZ904UOn_Lqd7t9BxaXua4-KgsgBfXLOoS9GCQdFaQBNxqFURgUbE2AB0tqqIKVFiHsKS4Ts8wXHnTcL:1nv1Co:L7tuttsLR_i7burxg9-yMQUzw27LEJuHzArHTeKIF6I", "expire_date": "2022-06-11T18:30:30.835Z"}}, {"model": "newsapp.article", "pk": 1, "fields": {"title": "ARTIFICIAL INTELLIGENCE", "slug": "artificial-intelligence-1653583225", "content": "Также как выбранный нами инновационный путь однозначно фиксирует необходимость вывода текущих активов! Имеется спорная точка зрения, гласящая примерно следующее: непосредственные участники технического прогресса представляют собой не что иное, как квинтэссенцию победы маркетинга над разумом и должны быть ограничены исключительно образом мышления. Безусловно, высокое качество позиционных исследований создаёт предпосылки для своевременного выполнения сверхзадачи.", "photo": "photos/2022/05/26/chip_shema_protsessor_140251_1920x1080.jpg", "time_create": "2022-05-26T16:40:25.498Z", "time_update": "2022-05-28T16:59:34.737Z", "is_published": true, "tags": "AI", "cat": 1, "user": 2, "views": 15, "likes": 1, "dislikes": 1, "rating": 0}}, {"model": "newsapp.article", "pk": 2, "fields": {"title": "Статья 1", "slug": "statya-1-1653661150", "content": "Учитывая ключевые сценарии поведения, высокое качество позиционных исследований способствует подготовке и реализации направлений прогрессивного развития! Разнообразный и богатый опыт говорит нам, что понимание сути ресурсосберегающих технологий выявляет срочную потребность поэтапного и последовательного развития общества. Сложно сказать, почему представители современных социальных резервов, превозмогая сложившуюся непростую экономическую ситуацию, рассмотрены исключительно в разрезе маркетинговых и финансовых предпосылок. Следует отметить, что высококачественный прототип будущего проекта играет определяющее значение для экономической целесообразности принимаемых решений. Лишь сторонники тоталитаризма в науке, инициированные исключительно синтетически, призваны к ответу. Однозначно, элементы политического процесса, превозмогая сложившуюся непростую экономическую ситуацию, описаны максимально подробно.", "photo": "photos/2022/05/27/origami_samolet_art_128345_1920x1080.jpg", "time_create": "2022-05-27T14:19:10.972Z", "time_update": "2022-05-28T16:10:27.585Z", "is_published": true, "tags": "", "cat": 2, "user": 1, "views": 16, "likes": 1, "dislikes": 1, "rating": 0}}, {"model": "newsapp.article", "pk": 3, "fields": {"title": "Статья 3", "slug": "statya-3-1653665589", "content": "Учитывая ключевые сценарии поведения, высокое качество позиционных исследований способствует подготовке и реализации направлений прогрессивного развития! Разнообразный и богатый опыт говорит нам, что понимание сути ресурсосберегающих технологий выявляет срочную потребность поэтапного и последовательного развития общества. Сложно сказать, почему представители современных социальных резервов, превозмогая сложившуюся непростую экономическую ситуацию, рассмотрены исключительно в разрезе маркетинговых и финансовых предпосылок. Следует отметить, что высококачественный прототип будущего проекта играет определяющее значение для экономической целесообразности принимаемых решений. Лишь сторонники тоталитаризма в науке, инициированные исключительно синтетически, призваны к ответу. Однозначно, элементы политического процесса, превозмогая сложившуюся непростую экономическую ситуацию, описаны максимально подробно.", "photo": "photos/2022/05/27/4_X1PNHP9.jpg", "time_create": "2022-05-27T15:33:09.780Z", "time_update": "2022-05-28T16:10:23.724Z", "is_published": true, "tags": "", "cat": 1, "user": 1, "views": 7, "likes": 2, "dislikes": 0, "rating": 2}}, {"model": "newsapp.article", "pk": 4, "fields": {"title": "Статья 3", "slug": "statya-3-1653740982", "content": "И нет сомнений, что предприниматели в сети интернет формируют глобальную экономическую сеть и при этом - своевременно верифицированы. Наше дело не так однозначно, как может показаться: новая модель организационной деятельности прекрасно подходит для реализации стандартных подходов. Повседневная практика показывает, что начало повседневной работы по формированию позиции не оставляет шанса для переосмысления внешнеэкономических политик. Сложно сказать, почему интерактивные прототипы представляют собой не что иное, как квинтэссенцию победы маркетинга над разумом и должны быть призваны к ответу. Как принято считать, базовые сценарии поведения пользователей лишь добавляют фракционных разногласий и указаны как претенденты на роль ключевых факторов. Равным образом, консультация с широким активом прекрасно подходит для реализации инновационных методов управления процессами. Повседневная практика показывает, что повышение уровня гражданского сознания говорит о возможностях существующих финансовых и административных условий. Задача организации, в особенности же сложившаяся структура организации говорит о возможностях стандартных подходов. Задача организации, в особенности же постоянное информационно-пропагандистское обеспечение нашей деятельности требует определения и уточнения первоочередных требований! Наше дело не так однозначно, как может показаться: синтетическое тестирование представляет собой интересный эксперимент проверки системы массового участия. Однозначно, акционеры крупнейших компаний являются только методом политического участия и объединены в целые кластеры себе подобных. Также как выбранный нами инновационный путь, а также свежий взгляд на привычные вещи — безусловно открывает новые горизонты для глубокомысленных рассуждений. Приятно, граждане, наблюдать, как акционеры крупнейших компаний, вне зависимости от их уровня, должны быть указаны как претенденты на роль ключевых факторов. Каждый из нас понимает очевидную вещь: понимание сути ресурсосберегающих технологий требует определения и уточнения первоочередных требований. Равным образом, укрепление и развитие внутренней структуры обеспечивает широкому кругу (специалистов) участие в формировании форм воздействия.", "photo": "photos/2022/05/28/kod_tekst_raznotsvetnyj_140555_1920x1080.jpg", "time_create": "2022-05-28T12:29:42.297Z", "time_update": "2022-05-28T18:04:56.588Z", "is_published": true, "tags": "", "cat": 1, "user": 1, "views": 3, "likes": 1, "dislikes": 0, "rating": 1}}, {"model": "newsapp.article", "pk": 5, "fields": {"title": "Статья 5", "slug": "statya-5-1653741388", "content": "Задача организации, в особенности же постоянное информационно-пропагандистское обеспечение нашей деятельности требует от нас анализа экспериментов, поражающих по своей масштабности и грандиозности. Кстати, непосредственные участники технического прогресса неоднозначны и будут в равной степени предоставлены сами себе. В рамках спецификации современных стандартов, стремящиеся вытеснить традиционное производство, нанотехнологии являются только методом политического участия и подвергнуты целой серии независимых исследований. Банальные, но неопровержимые выводы, а также диаграммы связей лишь добавляют фракционных разногласий и обнародованы. Для современного мира перспективное планирование не даёт нам иного выбора, кроме определения приоретизации разума над эмоциями! Как уже неоднократно упомянуто, ключевые особенности структуры проекта представляют собой не что иное, как квинтэссенцию победы маркетинга над разумом и должны быть своевременно верифицированы. Господа, базовый вектор развития позволяет выполнить важные задания по разработке поставленных обществом задач. Равным образом, укрепление и развитие внутренней структуры однозначно определяет каждого участника как способного принимать собственные решения касаемо экспериментов, поражающих по своей масштабности и грандиозности. Картельные сговоры не допускают ситуации, при которой многие известные личности, которые представляют собой яркий пример континентально-европейского типа политической культуры, будут объективно рассмотрены соответствующими инстанциями.", "photo": "photos/2022/05/28/matritsa_kod_tsifry_147523_1920x1080.jpg", "time_create": "2022-05-28T12:36:28.520Z", "time_update": "2022-05-28T16:10:05.562Z", "is_published": true, "tags": "", "cat": 1, "user": 1, "views": 1, "likes": 1, "dislikes": 0, "rating": 1}}, {"model": "newsapp.article", "pk": 6, "fields": {"title": "Сатья 6", "slug": "satya-6-1653758175", "content": "Предварительные выводы неутешительны: повышение уровня гражданского сознания однозначно определяет каждого участника как способного принимать собственные решения касаемо переосмысления внешнеэкономических политик. Банальные, но неопровержимые выводы, а также тщательные исследования конкурентов набирают популярность среди определенных слоев населения, а значит, должны быть смешаны с не уникальными данными до степени совершенной неузнаваемости, из-за чего возрастает их статус бесполезности. В частности, экономическая повестка сегодняшнего дня обеспечивает актуальность стандартных подходов. Но укрепление и развитие внутренней структуры предоставляет широкие возможности для как самодостаточных, так и внешне зависимых концептуальных решений. Не следует, однако, забывать, что консультация с широким активом в значительной степени обусловливает важность направлений прогрессивного развития. А ещё акционеры крупнейших компаний могут быть обнародованы. В целом, конечно, дальнейшее развитие различных форм деятельности позволяет оценить значение позиций, занимаемых участниками в отношении поставленных задач. Принимая во внимание показатели успешности, убеждённость некоторых оппонентов обеспечивает актуальность дальнейших направлений развития. Кстати, стремящиеся вытеснить традиционное производство, нанотехнологии, которые представляют собой яркий пример континентально-европейского типа политической культуры, будут преданы социально-демократической анафеме. С учётом сложившейся международной обстановки, экономическая повестка сегодняшнего дня однозначно фиксирует необходимость системы массового участия. Банальные, но неопровержимые выводы, а также представители современных социальных резервов подвергнуты целой серии независимых исследований. А также реплицированные с зарубежных источников, современные исследования представляют собой не что иное, как квинтэссенцию победы маркетинга над разумом и должны быть функционально разнесены на независимые элементы. Ясность нашей позиции очевидна: курс на социально-ориентированный национальный проект говорит о возможностях направлений прогрессивного развития. В своём стремлении улучшить пользовательский опыт мы упускаем, что представители современных социальных резервов формируют глобальную экономическую сеть и при этом - подвергнуты целой серии независимых исследований. Но действия представителей оппозиции описаны максимально подробно.", "photo": "photos/2022/05/28/2.jpg", "time_create": "2022-05-28T17:16:15.952Z", "time_update": "2022-05-28T17:16:15.952Z", "is_published": true, "tags": "", "cat": 2, "user": 1, "views": 0, "likes": 0, "dislikes": 0, "rating": 0}}, {"model": "newsapp.article", "pk": 7, "fields": {"title": "Статья 7", "slug": "statya-7-1653760169", "content": "И нет сомнений, что стремящиеся вытеснить традиционное производство, нанотехнологии лишь добавляют фракционных разногласий и рассмотрены исключительно в разрезе маркетинговых и финансовых предпосылок. С учётом сложившейся международной обстановки, базовый вектор развития однозначно фиксирует необходимость позиций, занимаемых участниками в отношении поставленных задач. Но независимые государства могут быть указаны как претенденты на роль ключевых факторов. В своём стремлении улучшить пользовательский опыт мы упускаем, что действия представителей оппозиции, которые представляют собой яркий пример континентально-европейского типа политической культуры, будут функционально разнесены на независимые элементы! Следует отметить, что современная методология разработки предполагает независимые способы реализации как самодостаточных, так и внешне зависимых концептуальных решений. И нет сомнений, что независимые государства лишь добавляют фракционных разногласий и превращены в посмешище, хотя само их существование приносит несомненную пользу обществу. Каждый из нас понимает очевидную вещь: существующая теория играет определяющее значение для как самодостаточных, так и внешне зависимых концептуальных решений. Есть над чем задуматься: сторонники тоталитаризма в науке лишь добавляют фракционных разногласий и описаны максимально подробно. Ясность нашей позиции очевидна: постоянный количественный рост и сфера нашей активности способствует повышению качества новых предложений. Повседневная практика показывает, что социально-экономическое развитие, а также свежий взгляд на привычные вещи — безусловно открывает новые горизонты для поставленных обществом задач! Идейные соображения высшего порядка, а также укрепление и развитие внутренней структуры способствует подготовке и реализации экономической целесообразности принимаемых решений. Равным образом, существующая теория обеспечивает актуальность соответствующих условий активизации. Принимая во внимание показатели успешности, современная методология разработки позволяет оценить значение анализа существующих паттернов поведения. Прежде всего, граница обучения кадров представляет собой интересный эксперимент проверки существующих финансовых и административных условий. Идейные соображения высшего порядка, а также социально-экономическое развитие способствует повышению качества экономической целесообразности принимаемых решений.", "photo": "photos/2022/05/28/twenty_one_pilots_new_1240-480.jpg", "time_create": "2022-05-28T17:49:29.104Z", "time_update": "2022-05-28T17:49:29.104Z", "is_published": true, "tags": "", "cat": 2, "user": 1, "views": 0, "likes": 0, "dislikes": 0, "rating": 0}}, {"model": "newsapp.article", "pk": 8, "fields": {"title": "Статья 8", "slug": "statya-8-1653760188", "content": "И нет сомнений, что стремящиеся вытеснить традиционное производство, нанотехнологии лишь добавляют фракционных разногласий и рассмотрены исключительно в разрезе маркетинговых и финансовых предпосылок. С учётом сложившейся международной обстановки, базовый вектор развития однозначно фиксирует необходимость позиций, занимаемых участниками в отношении поставленных задач. Но независимые государства могут быть указаны как претенденты на роль ключевых факторов. В своём стремлении улучшить пользовательский опыт мы упускаем, что действия представителей оппозиции, которые представляют собой яркий пример континентально-европейского типа политической культуры, будут функционально разнесены на независимые элементы! Следует отметить, что современная методология разработки предполагает независимые способы реализации как самодостаточных, так и внешне зависимых концептуальных решений. И нет сомнений, что независимые государства лишь добавляют фракционных разногласий и превращены в посмешище, хотя само их существование приносит несомненную пользу обществу. Каждый из нас понимает очевидную вещь: существующая теория играет определяющее значение для как самодостаточных, так и внешне зависимых концептуальных решений. Есть над чем задуматься: сторонники тоталитаризма в науке лишь добавляют фракционных разногласий и описаны максимально подробно. Ясность нашей позиции очевидна: постоянный количественный рост и сфера нашей активности способствует повышению качества новых предложений. Повседневная практика показывает, что социально-экономическое развитие, а также свежий взгляд на привычные вещи — безусловно открывает новые горизонты для поставленных обществом задач! Идейные соображения высшего порядка, а также укрепление и развитие внутренней структуры способствует подготовке и реализации экономической целесообразности принимаемых решений. Равным образом, существующая теория обеспечивает актуальность соответствующих условий активизации. Принимая во внимание показатели успешности, современная методология разработки позволяет оценить значение анализа существующих паттернов поведения. Прежде всего, граница обучения кадров представляет собой интересный эксперимент проверки существующих финансовых и административных условий. Идейные соображения высшего порядка, а также социально-экономическое развитие способствует повышению качества экономической целесообразности принимаемых решений.", "photo": "photos/2022/05/28/21pilots.jpg", "time_create": "2022-05-28T17:49:48.671Z", "time_update": "2022-05-28T18:34:35.910Z", "is_published": true, "tags": "", "cat": 2, "user": 1, "views": 1, "likes": 0, "dislikes": 0, "rating": 0}}, {"model": "newsapp.article", "pk": 9, "fields": {"title": "Статья 9", "slug": "statya-9-1653760209", "content": "И нет сомнений, что стремящиеся вытеснить традиционное производство, нанотехнологии лишь добавляют фракционных разногласий и рассмотрены исключительно в разрезе маркетинговых и финансовых предпосылок. С учётом сложившейся международной обстановки, базовый вектор развития однозначно фиксирует необходимость позиций, занимаемых участниками в отношении поставленных задач. Но независимые государства могут быть указаны как претенденты на роль ключевых факторов. В своём стремлении улучшить пользовательский опыт мы упускаем, что действия представителей оппозиции, которые представляют собой яркий пример континентально-европейского типа политической культуры, будут функционально разнесены на независимые элементы! Следует отметить, что современная методология разработки предполагает независимые способы реализации как самодостаточных, так и внешне зависимых концептуальных решений. И нет сомнений, что независимые государства лишь добавляют фракционных разногласий и превращены в посмешище, хотя само их существование приносит несомненную пользу обществу. Каждый из нас понимает очевидную вещь: существующая теория играет определяющее значение для как самодостаточных, так и внешне зависимых концептуальных решений. Есть над чем задуматься: сторонники тоталитаризма в науке лишь добавляют фракционных разногласий и описаны максимально подробно. Ясность нашей позиции очевидна: постоянный количественный рост и сфера нашей активности способствует повышению качества новых предложений. Повседневная практика показывает, что социально-экономическое развитие, а также свежий взгляд на привычные вещи — безусловно открывает новые горизонты для поставленных обществом задач! Идейные соображения высшего порядка, а также укрепление и развитие внутренней структуры способствует подготовке и реализации экономической целесообразности принимаемых решений. Равным образом, существующая теория обеспечивает актуальность соответствующих условий активизации. Принимая во внимание показатели успешности, современная методология разработки позволяет оценить значение анализа существующих паттернов поведения. Прежде всего, граница обучения кадров представляет собой интересный эксперимент проверки существующих финансовых и административных условий. Идейные соображения высшего порядка, а также социально-экономическое развитие способствует повышению качества экономической целесообразности принимаемых решений.", "photo": "photos/2022/05/28/noutbuk_podsvetka_raznotsvetnyj_194324_1920x1080.jpg", "time_create": "2022-05-28T17:50:09.076Z", "time_update": "2022-05-28T17:50:09.076Z", "is_published": true, "tags": "", "cat": 1, "user": 1, "views": 0, "likes": 0, "dislikes": 0, "rating": 0}}, {"model": "newsapp.article", "pk": 10, "fields": {"title": "Статья 10", "slug": "statya-10-1653760231", "content": "И нет сомнений, что стремящиеся вытеснить традиционное производство, нанотехнологии лишь добавляют фракционных разногласий и рассмотрены исключительно в разрезе маркетинговых и финансовых предпосылок. С учётом сложившейся международной обстановки, базовый вектор развития однозначно фиксирует необходимость позиций, занимаемых участниками в отношении поставленных задач. Но независимые государства могут быть указаны как претенденты на роль ключевых факторов. В своём стремлении улучшить пользовательский опыт мы упускаем, что действия представителей оппозиции, которые представляют собой яркий пример континентально-европейского типа политической культуры, будут функционально разнесены на независимые элементы! Следует отметить, что современная методология разработки предполагает независимые способы реализации как самодостаточных, так и внешне зависимых концептуальных решений. И нет сомнений, что независимые государства лишь добавляют фракционных разногласий и превращены в посмешище, хотя само их существование приносит несомненную пользу обществу. Каждый из нас понимает очевидную вещь: существующая теория играет определяющее значение для как самодостаточных, так и внешне зависимых концептуальных решений. Есть над чем задуматься: сторонники тоталитаризма в науке лишь добавляют фракционных разногласий и описаны максимально подробно. Ясность нашей позиции очевидна: постоянный количественный рост и сфера нашей активности способствует повышению качества новых предложений. Повседневная практика показывает, что социально-экономическое развитие, а также свежий взгляд на привычные вещи — безусловно открывает новые горизонты для поставленных обществом задач! Идейные соображения высшего порядка, а также укрепление и развитие внутренней структуры способствует подготовке и реализации экономической целесообразности принимаемых решений. Равным образом, существующая теория обеспечивает актуальность соответствующих условий активизации. Принимая во внимание показатели успешности, современная методология разработки позволяет оценить значение анализа существующих паттернов поведения. Прежде всего, граница обучения кадров представляет собой интересный эксперимент проверки существующих финансовых и административных условий. Идейные соображения высшего порядка, а также социально-экономическое развитие способствует повышению качества экономической целесообразности принимаемых решений.", "photo": "photos/2022/05/28/ruka_robot_kiborg_160034_1920x1080.jpg", "time_create": "2022-05-28T17:50:31.459Z", "time_update": "2022-05-28T18:37:07.584Z", "is_published": true, "tags": "", "cat": 1, "user": 1, "views": 8, "likes": 0, "dislikes": 0, "rating": 0}}, {"model": "newsapp.article", "pk": 11, "fields": {"title": "Статья 11", "slug": "statya-11-1653760255", "content": "И нет сомнений, что стремящиеся вытеснить традиционное производство, нанотехнологии лишь добавляют фракционных разногласий и рассмотрены исключительно в разрезе маркетинговых и финансовых предпосылок. С учётом сложившейся международной обстановки, базовый вектор развития однозначно фиксирует необходимость позиций, занимаемых участниками в отношении поставленных задач. Но независимые государства могут быть указаны как претенденты на роль ключевых факторов. В своём стремлении улучшить пользовательский опыт мы упускаем, что действия представителей оппозиции, которые представляют собой яркий пример континентально-европейского типа политической культуры, будут функционально разнесены на независимые элементы! Следует отметить, что современная методология разработки предполагает независимые способы реализации как самодостаточных, так и внешне зависимых концептуальных решений. И нет сомнений, что независимые государства лишь добавляют фракционных разногласий и превращены в посмешище, хотя само их существование приносит несомненную пользу обществу. Каждый из нас понимает очевидную вещь: существующая теория играет определяющее значение для как самодостаточных, так и внешне зависимых концептуальных решений. Есть над чем задуматься: сторонники тоталитаризма в науке лишь добавляют фракционных разногласий и описаны максимально подробно. Ясность нашей позиции очевидна: постоянный количественный рост и сфера нашей активности способствует повышению качества новых предложений. Повседневная практика показывает, что социально-экономическое развитие, а также свежий взгляд на привычные вещи — безусловно открывает новые горизонты для поставленных обществом задач! Идейные соображения высшего порядка, а также укрепление и развитие внутренней структуры способствует подготовке и реализации экономической целесообразности принимаемых решений. Равным образом, существующая теория обеспечивает актуальность соответствующих условий активизации. Принимая во внимание показатели успешности, современная методология разработки позволяет оценить значение анализа существующих паттернов поведения. Прежде всего, граница обучения кадров представляет собой интересный эксперимент проверки существующих финансовых и административных условий. Идейные соображения высшего порядка, а также социально-экономическое развитие способствует повышению качества экономической целесообразности принимаемых решений.", "photo": "photos/2022/05/28/pesok_tekstura_volny_157710_1920x1080.jpg", "time_create": "2022-05-28T17:50:55.320Z", "time_update": "2022-05-28T18:21:28.286Z", "is_published": true, "tags": "", "cat": 2, "user": 1, "views": 3, "likes": 1, "dislikes": 1, "rating": 0}}, {"model": "newsapp.article", "pk": 12, "fields": {"title": "Статья 12", "slug": "statya-12-1653760407", "content": "И нет сомнений, что стремящиеся вытеснить традиционное производство, нанотехнологии лишь добавляют фракционных разногласий и рассмотрены исключительно в разрезе маркетинговых и финансовых предпосылок. С учётом сложившейся международной обстановки, базовый вектор развития однозначно фиксирует необходимость позиций, занимаемых участниками в отношении поставленных задач. Но независимые государства могут быть указаны как претенденты на роль ключевых факторов. В своём стремлении улучшить пользовательский опыт мы упускаем, что действия представителей оппозиции, которые представляют собой яркий пример континентально-европейского типа политической культуры, будут функционально разнесены на независимые элементы! Следует отметить, что современная методология разработки предполагает независимые способы реализации как самодостаточных, так и внешне зависимых концептуальных решений. И нет сомнений, что независимые государства лишь добавляют фракционных разногласий и превращены в посмешище, хотя само их существование приносит несомненную пользу обществу. Каждый из нас понимает очевидную вещь: существующая теория играет определяющее значение для как самодостаточных, так и внешне зависимых концептуальных решений. Есть над чем задуматься: сторонники тоталитаризма в науке лишь добавляют фракционных разногласий и описаны максимально подробно. Ясность нашей позиции очевидна: постоянный количественный рост и сфера нашей активности способствует повышению качества новых предложений. Повседневная практика показывает, что социально-экономическое развитие, а также свежий взгляд на привычные вещи — безусловно открывает новые горизонты для поставленных обществом задач! Идейные соображения высшего порядка, а также укрепление и развитие внутренней структуры способствует подготовке и реализации экономической целесообразности принимаемых решений. Равным образом, существующая теория обеспечивает актуальность соответствующих условий активизации. Принимая во внимание показатели успешности, современная методология разработки позволяет оценить значение анализа существующих паттернов поведения. Прежде всего, граница обучения кадров представляет собой интересный эксперимент проверки существующих финансовых и административных условий. Идейные соображения высшего порядка, а также социально-экономическое развитие способствует повышению качества экономической целесообразности принимаемых решений.", "photo": "photos/2022/05/28/1.jpg", "time_create": "2022-05-28T17:53:27.065Z", "time_update": "2022-05-28T18:21:24.575Z", "is_published": true, "tags": "", "cat": 2, "user": 1, "views": 2, "likes": 2, "dislikes": 0, "rating": 2}}, {"model": "newsapp.article", "pk": 13, "fields": {"title": "Статья 13", "slug": "statya-13-1653760419", "content": "И нет сомнений, что стремящиеся вытеснить традиционное производство, нанотехнологии лишь добавляют фракционных разногласий и рассмотрены исключительно в разрезе маркетинговых и финансовых предпосылок. С учётом сложившейся международной обстановки, базовый вектор развития однозначно фиксирует необходимость позиций, занимаемых участниками в отношении поставленных задач. Но независимые государства могут быть указаны как претенденты на роль ключевых факторов. В своём стремлении улучшить пользовательский опыт мы упускаем, что действия представителей оппозиции, которые представляют собой яркий пример континентально-европейского типа политической культуры, будут функционально разнесены на независимые элементы! Следует отметить, что современная методология разработки предполагает независимые способы реализации как самодостаточных, так и внешне зависимых концептуальных решений. И нет сомнений, что независимые государства лишь добавляют фракционных разногласий и превращены в посмешище, хотя само их существование приносит несомненную пользу обществу. Каждый из нас понимает очевидную вещь: существующая теория играет определяющее значение для как самодостаточных, так и внешне зависимых концептуальных решений. Есть над чем задуматься: сторонники тоталитаризма в науке лишь добавляют фракционных разногласий и описаны максимально подробно. Ясность нашей позиции очевидна: постоянный количественный рост и сфера нашей активности способствует повышению качества новых предложений. Повседневная практика показывает, что социально-экономическое развитие, а также свежий взгляд на привычные вещи — безусловно открывает новые горизонты для поставленных обществом задач! Идейные соображения высшего порядка, а также укрепление и развитие внутренней структуры способствует подготовке и реализации экономической целесообразности принимаемых решений. Равным образом, существующая теория обеспечивает актуальность соответствующих условий активизации. Принимая во внимание показатели успешности, современная методология разработки позволяет оценить значение анализа существующих паттернов поведения. Прежде всего, граница обучения кадров представляет собой интересный эксперимент проверки существующих финансовых и административных условий. Идейные соображения высшего порядка, а также социально-экономическое развитие способствует повышению качества экономической целесообразности принимаемых решений.", "photo": "photos/2022/05/28/zvezdnoe_nebo_mlechnyj_put_noch_124665_1920x1080.jpg", "time_create": "2022-05-28T17:53:39.465Z", "time_update": "2022-05-28T18:22:18.547Z", "is_published": true, "tags": "", "cat": 2, "user": 1, "views": 9, "likes": 1, "dislikes": 1, "rating": 0}}, {"model": "newsapp.category", "pk": 1, "fields": {"name": "Информационные технологии", "slug": "informatsionnyie-tehnologii-1653583196"}}, {"model": "newsapp.category", "pk": 2, "fields": {"name": "Искусство", "slug": "iskusstvo-1653670852"}}, {"model": "votes.likedislike", "pk": 6, "fields": {"vote": -1, "user": 2, "content_type": 8, "object_id": 2, "time_create": "2022-05-27T16:46:38.536Z"}}, {"model": "votes.likedislike", "pk": 7, "fields": {"vote": 1, "user": 2, "content_type": 11, "object_id": 1, "time_create": "2022-05-27T17:30:21.717Z"}}, {"model": "votes.likedislike", "pk": 8, "fields": {"vote": -1, "user": 2, "content_type": 8, "object_id": 1, "time_create": "2022-05-27T17:38:32.827Z"}}, {"model": "votes.likedislike", "pk": 9, "fields": {"vote": 1, "user": 2, "content_type": 8, "object_id": 3, "time_create": "2022-05-27T17:38:37.430Z"}}, {"model": "votes.likedislike", "pk": 11, "fields": {"vote": 1, "user": 1, "content_type": 8, "object_id": 5, "time_create": "2022-05-28T16:10:05.550Z"}}, {"model": "votes.likedislike", "pk": 13, "fields": {"vote": 1, "user": 1, "content_type": 8, "object_id": 4, "time_create": "2022-05-28T16:10:13.312Z"}}, {"model": "votes.likedislike", "pk": 14, "fields": {"vote": 1, "user": 1, "content_type": 8, "object_id": 3, "time_create": "2022-05-28T16:10:23.706Z"}}, {"model": "votes.likedislike", "pk": 15, "fields": {"vote": 1, "user": 1, "content_type": 8, "object_id": 2, "time_create": "2022-05-28T16:10:27.573Z"}}, {"model": "votes.likedislike", "pk": 16, "fields": {"vote": 1, "user": 1, "content_type": 8, "object_id": 1, "time_create": "2022-05-28T16:47:32.529Z"}}, {"model": "votes.likedislike", "pk": 17, "fields": {"vote": -1, "user": 1, "content_type": 11, "object_id": 5, "time_create": "2022-05-28T16:59:23.209Z"}}, {"model": "votes.likedislike", "pk": 18, "fields": {"vote": 1, "user": 1, "content_type": 11, "object_id": 6, "time_create": "2022-05-28T16:59:34.064Z"}}, {"model": "votes.likedislike", "pk": 20, "fields": {"vote": -1, "user": 1, "content_type": 8, "object_id": 11, "time_create": "2022-05-28T17:57:34.816Z"}}, {"model": "votes.likedislike", "pk": 21, "fields": {"vote": 1, "user": 1, "content_type": 8, "object_id": 12, "time_create": "2022-05-28T17:57:44.059Z"}}, {"model": "votes.likedislike", "pk": 22, "fields": {"vote": 1, "user": 1, "content_type": 8, "object_id": 13, "time_create": "2022-05-28T18:21:02.829Z"}}, {"model": "votes.likedislike", "pk": 23, "fields": {"vote": -1, "user": 2, "content_type": 8, "object_id": 13, "time_create": "2022-05-28T18:21:19.011Z"}}, {"model": "votes.likedislike", "pk": 24, "fields": {"vote": 1, "user": 2, "content_type": 8, "object_id": 12, "time_create": "2022-05-28T18:21:24.564Z"}}, {"model": "votes.likedislike", "pk": 25, "fields": {"vote": 1, "user": 2, "content_type": 8, "object_id": 11, "time_create": "2022-05-28T18:21:28.268Z"}}, {"model": "account.userprofile", "pk": 1, "fields": {"user": 1, "avatar": "images/users/JZ4bObjfn1k_BXpnCsA.jpg", "slug": "taxicab33", "title": null, "description": "", "rating": 0}}, {"model": "account.userprofile", "pk": 2, "fields": {"user": 2, "avatar": "", "slug": "root", "title": null, "description": null, "rating": 0}}, {"model": "comments.comment", "pk": 1, "fields": {"user": 1, "text": "fds", "content_type": 8, "object_id": 2, "time_create": "2022-05-27T16:51:45.546Z", "time_update": "2022-05-27T17:30:21.735Z", "parent": null, "likes": 1, "dislikes": 0, "rating": 1}}, {"model": "comments.comment", "pk": 4, "fields": {"user": 2, "text": "dfs", "content_type": 8, "object_id": 2, "time_create": "2022-05-27T17:30:23.146Z", "time_update": "2022-05-27T17:30:23.146Z", "parent": null, "likes": 0, "dislikes": 0, "rating": 0}}, {"model": "comments.comment", "pk": 5, "fields": {"user": 1, "text": "gfd", "content_type": 8, "object_id": 1, "time_create": "2022-05-28T16:59:20.623Z", "time_update": "2022-05-28T16:59:24.104Z", "parent": null, "likes": 0, "dislikes": 1, "rating": -1}}, {"model": "comments.comment", "pk": 6, "fields": {"user": 1, "text": "hf", "content_type": 8, "object_id": 1, "time_create": "2022-05-28T16:59:30.598Z", "time_update": "2022-05-28T16:59:34.076Z", "parent": null, "likes": 1, "dislikes": 0, "rating": 1}}, {"model": "favorites.favorite", "pk": 2, "fields": {"user": 2, "content_type": 8, "object_id": 1, "time_create": "2022-05-26T18:28:39.307Z"}}, {"model": "favorites.favorite", "pk": 5, "fields": {"user": 2, "content_type": 8, "object_id": 2, "time_create": "2022-05-27T17:30:25.337Z"}}, {"model": "favorites.favorite", "pk": 8, "fields": {"user": 1, "content_type": 8, "object_id": 1, "time_create": "2022-05-28T15:23:46.071Z"}}]